date,open,high,low,close,volume
2024-12-19 07:00:00,26.32,26.854,26.122,26.854,31.36
2024-12-19 08:00:00,26.854,27.121,26.447,26.68,115.35
2024-12-19 09:00:00,26.68,26.725,24.68,25.194,9087.07
2024-12-19 10:00:00,25.194,26.668,24.897,26.289,15425.06
2024-12-19 11:00:00,26.289,27.458,25.752,27.251,26796.9
2024-12-19 12:00:00,27.251,27.4,25.953,26.227,33767.42
2024-12-19 13:00:00,26.227,26.78,25.655,26.212,51624.53
2024-12-19 14:00:00,26.212,26.439,25.0,25.257,40979.01
2024-12-19 15:00:00,25.257,25.841,24.433,25.133,54311.01
2024-12-19 16:00:00,25.133,25.506,24.262,25.273,20638.12
2024-12-19 17:00:00,25.273,25.534,23.429,24.741,37652.38
2024-12-19 18:00:00,24.741,24.941,22.85,24.621,56524.53
2024-12-19 19:00:00,24.621,25.014,22.904,24.064,38751.65
2024-12-19 20:00:00,24.064,24.757,22.809,23.431,52900.78
2024-12-19 21:00:00,23.431,25.966,23.059,24.9,35500.41
2024-12-19 22:00:00,24.9,25.697,24.227,25.223,20862.05
2024-12-19 23:00:00,25.223,25.593,24.49,24.886,21890.76
2024-12-20 00:00:00,24.886,24.954,24.187,24.39,8513.97
2024-12-20 01:00:00,24.39,24.697,23.368,23.37,14894.46
2024-12-20 02:00:00,23.37,25.0,23.37,24.679,13827.39
2024-12-20 03:00:00,24.679,25.391,24.514,24.868,10784.57
2024-12-20 04:00:00,24.868,25.165,24.419,24.855,8177.89
2024-12-20 05:00:00,24.855,25.548,24.1,24.1,11679.94
2024-12-20 06:00:00,24.1,24.839,23.751,24.307,14231.54
2024-12-20 07:00:00,24.307,25.153,24.015,24.521,9801.39
2024-12-20 08:00:00,24.521,24.637,23.282,23.315,13067.13
2024-12-20 09:00:00,23.315,23.915,22.915,23.167,14519.81
2024-12-20 10:00:00,23.167,24.313,22.962,23.6,17996.41
2024-12-20 11:00:00,23.6,24.093,23.06,23.368,18237.89
2024-12-20 12:00:00,23.368,25.94,22.97,25.94,27035.42
2024-12-20 13:00:00,25.94,26.7,25.071,26.12,51121.07
2024-12-20 14:00:00,26.12,27.76,25.8,27.108,67547.94
2024-12-20 15:00:00,27.108,31.623,26.704,30.367,88765.33
2024-12-20 16:00:00,30.367,32.158,29.021,30.096,88970.67
2024-12-20 17:00:00,30.096,31.568,29.555,30.836,73145.42
2024-12-20 18:00:00,30.836,31.054,29.482,29.747,40532.79
2024-12-20 19:00:00,29.747,30.833,29.459,29.546,36129.48
2024-12-20 20:00:00,29.546,29.7,28.65,29.203,67622.7
2024-12-20 21:00:00,29.203,30.028,28.256,29.888,49648.69
2024-12-20 22:00:00,29.888,31.005,29.846,30.5,20396.33
2024-12-20 23:00:00,30.5,30.528,29.696,29.729,14118.62
2024-12-21 00:00:00,29.729,30.349,28.9,29.076,22502.58
2024-12-21 01:00:00,29.076,30.437,29.05,30.414,18150.44
2024-12-21 02:00:00,30.414,32.244,30.048,31.786,59920.82
2024-12-21 03:00:00,31.786,33.769,31.694,32.933,102553.64
2024-12-21 04:00:00,32.933,34.766,32.83,33.618,76549.72
2024-12-21 05:00:00,33.618,34.248,32.313,33.173,62572.85
2024-12-21 06:00:00,33.173,34.902,32.96,34.899,57252.59
2024-12-21 07:00:00,34.899,35.692,33.006,34.271,121581.94
2024-12-21 08:00:00,34.271,34.329,32.6,33.179,63561.01
2024-12-21 09:00:00,33.179,33.508,32.304,32.854,60369.39
2024-12-21 10:00:00,32.854,33.4,32.194,32.809,31145.35
2024-12-21 11:00:00,32.809,33.763,32.8,33.374,35568.2
2024-12-21 12:00:00,33.374,33.398,32.502,32.827,33157.75
2024-12-21 13:00:00,32.827,33.663,31.804,32.899,58622.71
2024-12-21 14:00:00,32.899,33.654,31.425,31.67,59394.9
2024-12-21 15:00:00,31.67,32.654,30.921,32.486,49116.99
2024-12-21 16:00:00,32.486,32.6,31.386,31.669,26664.72
2024-12-21 17:00:00,31.669,32.105,30.755,31.804,27692.97
2024-12-21 18:00:00,31.804,32.231,31.01,31.491,27766.53
2024-12-21 19:00:00,31.491,32.205,30.46,32.187,30162.49
2024-12-21 20:00:00,32.187,34.05,31.749,33.647,41676.32
2024-12-21 21:00:00,33.647,35.561,32.223,33.229,61172.33
2024-12-21 22:00:00,33.229,33.229,31.585,32.081,24671.63
2024-12-21 23:00:00,32.081,32.963,31.711,32.108,23033.6
2024-12-22 00:00:00,32.108,33.533,32.054,33.336,32904.39
2024-12-22 01:00:00,33.336,34.737,32.991,33.053,61924.97
2024-12-22 02:00:00,33.053,34.7,33.017,33.912,35978.63
2024-12-22 03:00:00,33.912,35.156,33.575,34.622,59183.9
2024-12-22 04:00:00,34.622,34.718,33.192,33.192,34776.33
2024-12-22 05:00:00,33.192,33.584,32.233,32.959,43715.06
2024-12-22 06:00:00,32.959,33.74,32.682,33.492,15552.45
2024-12-22 07:00:00,33.492,34.288,32.736,32.853,29231.41
2024-12-22 08:00:00,32.853,33.859,32.853,33.789,15097.41
2024-12-22 09:00:00,33.789,34.4,33.465,34.399,34366.62
2024-12-22 10:00:00,34.399,34.743,33.834,34.301,29630.0
2024-12-22 11:00:00,34.301,34.694,33.675,33.895,25954.65
2024-12-22 12:00:00,33.895,34.105,33.167,33.492,17575.29
2024-12-22 13:00:00,33.492,34.633,33.037,33.2,24305.05
2024-12-22 14:00:00,33.2,33.53,31.2,31.42,62905.23
2024-12-22 15:00:00,31.42,32.396,30.4,31.506,85525.28
2024-12-22 16:00:00,31.506,31.867,30.88,31.242,23881.19
2024-12-22 17:00:00,31.242,31.285,29.413,29.515,55897.77
2024-12-22 18:00:00,29.515,31.111,29.514,29.706,30745.46
2024-12-22 19:00:00,29.706,30.05,28.0,28.039,62604.83
2024-12-22 20:00:00,28.039,29.802,27.504,28.979,47475.7
2024-12-22 21:00:00,28.979,29.5,28.313,28.325,26787.4
2024-12-22 22:00:00,28.325,29.573,27.404,29.28,42374.45
2024-12-22 23:00:00,29.28,30.136,28.012,28.507,43475.15
2024-12-23 00:00:00,28.507,28.692,26.188,26.301,82686.18
2024-12-23 01:00:00,26.301,29.344,25.4,27.0,132915.49
2024-12-23 02:00:00,27.0,28.411,26.327,27.883,54075.99
2024-12-23 03:00:00,27.883,29.933,27.097,29.553,73122.59
2024-12-23 04:00:00,29.553,29.795,27.75,27.818,38543.55
2024-12-23 05:00:00,27.818,28.4,26.326,26.332,48274.88
2024-12-23 06:00:00,26.332,27.632,25.937,26.096,43965.59
2024-12-23 07:00:00,26.096,28.263,26.017,28.153,53078.65
2024-12-23 08:00:00,28.153,28.896,27.367,28.104,43091.34
2024-12-23 09:00:00,28.104,29.356,28.049,29.215,39757.99
2024-12-23 10:00:00,29.215,30.085,27.718,28.162,47644.6
2024-12-23 11:00:00,28.162,28.26,27.168,27.261,35215.6
2024-12-23 12:00:00,27.261,27.846,26.647,27.539,41221.47
2024-12-23 13:00:00,27.539,27.539,26.225,26.78,47110.52
2024-12-23 14:00:00,26.78,27.479,26.231,26.519,53146.84
2024-12-23 15:00:00,26.519,27.19,25.256,27.0,69649.11
2024-12-23 16:00:00,27.0,28.872,26.692,28.15,90526.5
2024-12-23 17:00:00,28.15,28.294,26.322,26.658,55203.23
2024-12-23 18:00:00,26.658,28.088,26.5,26.529,28856.54
2024-12-23 19:00:00,26.529,27.827,26.528,26.82,21157.83
2024-12-23 20:00:00,26.82,28.3,26.53,27.877,31158.47
2024-12-23 21:00:00,27.877,29.737,27.813,28.827,59876.09
2024-12-23 22:00:00,28.827,29.994,28.08,29.864,53920.5
2024-12-23 23:00:00,29.864,29.996,28.153,28.611,32561.19
2024-12-24 00:00:00,28.611,29.149,27.607,28.341,27982.03
2024-12-24 01:00:00,28.341,29.101,27.706,27.833,25842.54
2024-12-24 02:00:00,27.833,29.231,27.471,28.729,23292.01
2024-12-24 03:00:00,28.729,30.341,28.729,29.36,32600.66
2024-12-24 04:00:00,29.36,30.44,29.025,29.866,30473.14
2024-12-24 05:00:00,29.866,30.058,29.241,29.869,19849.36
2024-12-24 06:00:00,29.869,29.931,28.888,29.0,20858.98
2024-12-24 07:00:00,29.0,29.474,28.816,29.193,17899.02
2024-12-24 08:00:00,29.193,30.14,29.0,29.616,41684.71
2024-12-24 09:00:00,29.616,29.671,28.568,28.977,23462.03
2024-12-24 10:00:00,28.977,29.082,27.631,27.781,26556.08
2024-12-24 11:00:00,27.781,28.572,27.521,28.064,19126.67
2024-12-24 12:00:00,28.064,28.545,27.688,28.2,20147.31
2024-12-24 13:00:00,28.2,29.758,28.033,29.442,37407.24
2024-12-24 14:00:00,29.442,29.868,28.888,29.415,38219.74
2024-12-24 15:00:00,29.415,30.468,28.642,30.343,73971.89
2024-12-24 16:00:00,30.343,30.457,29.074,29.403,37348.68
2024-12-24 17:00:00,29.403,30.419,29.375,30.391,21993.33
2024-12-24 18:00:00,30.391,31.732,30.385,30.717,34632.2
2024-12-24 19:00:00,30.717,30.729,29.17,29.196,42779.63
2024-12-24 20:00:00,29.196,29.622,28.506,28.952,17956.7
2024-12-24 21:00:00,28.952,30.242,28.948,30.215,18129.27
2024-12-24 22:00:00,30.215,30.538,29.76,30.188,12465.73
2024-12-24 23:00:00,30.188,30.365,29.588,29.815,12949.72
2024-12-25 00:00:00,29.815,30.431,29.761,29.985,10992.08
2024-12-25 01:00:00,29.985,30.419,29.308,29.428,15670.82
2024-12-25 02:00:00,29.428,30.262,29.159,29.7,12742.21
2024-12-25 03:00:00,29.7,30.019,29.449,29.502,15928.49
2024-12-25 04:00:00,29.502,30.518,29.408,30.064,11504.52
2024-12-25 05:00:00,30.064,30.3,29.7,29.908,11214.84
2024-12-25 06:00:00,29.908,29.993,29.25,29.273,12070.72
2024-12-25 07:00:00,29.273,29.637,28.888,29.181,12804.44
2024-12-25 08:00:00,29.181,29.211,28.119,28.414,39001.82
2024-12-25 09:00:00,28.414,29.442,28.4,29.324,21639.93
2024-12-25 10:00:00,29.324,29.69,28.911,29.058,21703.59
2024-12-25 11:00:00,29.058,29.152,28.02,28.059,18336.4
2024-12-25 12:00:00,28.059,28.521,27.68,28.015,30801.28
2024-12-25 13:00:00,28.015,28.692,27.522,28.262,23052.46
2024-12-25 14:00:00,28.262,28.262,27.684,27.713,10712.08
2024-12-25 15:00:00,27.713,27.713,26.351,26.863,59708.85
2024-12-25 16:00:00,26.863,27.826,26.786,27.72,19381.96
2024-12-25 17:00:00,27.72,28.255,27.5,27.905,9961.74
2024-12-25 18:00:00,27.905,28.536,27.692,28.113,11454.84
2024-12-25 19:00:00,28.113,28.718,27.993,28.128,11597.0
2024-12-25 20:00:00,28.128,28.858,27.875,28.426,19547.74
2024-12-25 21:00:00,28.426,28.638,27.17,27.593,20470.56
2024-12-25 22:00:00,27.593,27.594,26.26,26.298,22821.57
2024-12-25 23:00:00,26.298,27.072,26.29,26.642,16642.82
2024-12-26 00:00:00,26.642,27.136,26.167,26.431,25174.23
2024-12-26 01:00:00,26.431,26.541,25.635,25.715,41703.18
2024-12-26 02:00:00,25.715,26.7,25.699,26.509,29130.35
2024-12-26 03:00:00,26.509,26.911,26.029,26.558,20671.51
2024-12-26 04:00:00,26.558,26.945,26.014,26.442,25550.39
2024-12-26 05:00:00,26.442,26.539,25.837,26.085,12024.43
2024-12-26 06:00:00,26.085,26.5,25.55,25.673,15471.05
2024-12-26 07:00:00,25.673,26.044,25.37,25.434,28933.16
2024-12-26 08:00:00,25.434,25.78,23.9,24.787,77947.25
2024-12-26 09:00:00,24.787,25.417,24.654,24.842,28655.24
2024-12-26 10:00:00,24.842,25.59,24.822,25.561,41036.19
2024-12-26 11:00:00,25.561,25.986,24.948,25.155,42624.96
2024-12-26 12:00:00,25.155,25.197,24.235,24.916,22758.87
2024-12-26 13:00:00,24.916,25.849,24.558,25.79,30215.15
2024-12-26 14:00:00,25.79,26.148,25.422,25.507,30953.12
2024-12-26 15:00:00,25.507,25.55,24.667,24.949,24474.24
2024-12-26 16:00:00,24.949,25.5,24.57,25.406,21175.48
2024-12-26 17:00:00,25.406,26.209,25.045,26.156,20510.02
2024-12-26 18:00:00,26.156,26.552,25.747,26.136,30332.05
2024-12-26 19:00:00,26.136,26.884,25.882,26.775,18195.27
2024-12-26 20:00:00,26.775,26.96,25.896,26.001,31773.23
2024-12-26 21:00:00,26.001,26.854,25.779,26.829,20458.94
2024-12-26 22:00:00,26.829,27.152,26.556,26.859,17414.17
2024-12-26 23:00:00,26.859,27.216,26.546,27.216,14468.84
2024-12-27 00:00:00,27.216,27.781,26.797,27.755,33812.93
2024-12-27 01:00:00,27.755,27.992,27.029,27.46,20707.75
2024-12-27 02:00:00,27.46,27.971,27.174,27.95,13490.9
2024-12-27 03:00:00,27.95,28.125,27.071,27.198,22452.48
2024-12-27 04:00:00,27.198,27.43,26.83,26.998,14830.12
2024-12-27 05:00:00,26.998,27.575,26.607,26.888,18765.02
2024-12-27 06:00:00,26.888,27.375,26.806,27.329,12023.65
2024-12-27 07:00:00,27.329,27.357,25.79,25.817,24754.6
2024-12-27 08:00:00,25.817,26.9,25.755,26.456,20809.23
2024-12-27 09:00:00,26.456,27.339,26.443,26.991,15749.86
2024-12-27 10:00:00,26.991,27.525,26.803,27.504,22615.3
2024-12-27 11:00:00,27.504,28.953,27.449,28.737,71977.33
2024-12-27 12:00:00,28.737,28.763,27.822,28.394,39345.84
2024-12-27 13:00:00,28.394,28.448,27.631,27.819,26240.61
2024-12-27 14:00:00,27.819,27.948,26.827,27.098,39843.5
2024-12-27 15:00:00,27.098,27.737,26.646,27.515,25151.31
2024-12-27 16:00:00,27.515,27.724,26.571,26.627,17497.09
2024-12-27 17:00:00,26.627,27.385,26.512,27.171,24262.09
2024-12-27 18:00:00,27.171,27.446,26.995,27.029,10017.09
2024-12-27 19:00:00,27.029,27.184,26.249,27.079,21947.89
2024-12-27 20:00:00,27.079,27.095,26.232,26.712,24064.23
2024-12-27 21:00:00,26.712,26.916,26.522,26.576,9407.34
2024-12-27 22:00:00,26.576,26.892,26.277,26.395,8542.56
2024-12-27 23:00:00,26.395,27.253,26.342,27.101,13906.24
2024-12-28 00:00:00,27.101,27.14,26.35,26.485,7741.33
2024-12-28 01:00:00,26.485,27.253,26.144,26.793,11190.52
2024-12-28 02:00:00,26.793,27.204,26.471,26.509,10693.72
2024-12-28 03:00:00,26.509,26.975,26.486,26.644,4563.65
2024-12-28 04:00:00,26.644,26.779,26.189,26.335,5403.12
2024-12-28 05:00:00,26.335,26.839,26.221,26.224,7166.45
2024-12-28 06:00:00,26.224,26.283,25.875,26.074,17710.32
2024-12-28 07:00:00,26.074,26.328,25.898,25.951,9102.56
2024-12-28 08:00:00,25.951,26.218,25.906,26.168,7357.46
2024-12-28 09:00:00,26.168,26.867,26.142,26.792,15103.72
2024-12-28 10:00:00,26.792,27.091,26.406,27.009,17957.32
2024-12-28 11:00:00,27.009,28.165,27.008,27.719,59654.57
2024-12-28 12:00:00,27.719,28.174,27.174,27.818,24148.08
2024-12-28 13:00:00,27.818,27.891,27.1,27.563,11201.0
2024-12-28 14:00:00,27.563,28.16,27.388,27.924,21611.8
2024-12-28 15:00:00,27.924,29.076,27.773,28.413,36256.52
2024-12-28 16:00:00,28.413,28.809,28.039,28.426,30522.64
2024-12-28 17:00:00,28.426,28.448,27.91,28.164,9238.06
2024-12-28 18:00:00,28.164,28.245,27.904,27.959,9527.03
2024-12-28 19:00:00,27.959,28.134,27.657,28.074,11263.7
2024-12-28 20:00:00,28.074,28.424,27.906,28.4,20156.68
2024-12-28 21:00:00,28.4,29.031,28.373,28.893,14488.44
2024-12-28 22:00:00,28.893,28.943,28.338,28.805,7993.53
2024-12-28 23:00:00,28.805,29.4,28.525,29.278,13892.57
2024-12-29 00:00:00,29.278,29.532,28.995,29.08,20001.29
2024-12-29 01:00:00,29.08,29.197,28.013,28.311,24695.66
2024-12-29 02:00:00,28.311,28.627,28.107,28.189,16120.05
2024-12-29 03:00:00,28.189,28.276,27.805,27.929,10542.86
2024-12-29 04:00:00,27.929,28.29,27.575,27.857,19435.74
2024-12-29 05:00:00,27.857,27.906,27.577,27.618,4720.16
2024-12-29 06:00:00,27.618,27.843,27.302,27.658,12617.55
2024-12-29 07:00:00,27.658,28.196,27.555,28.024,9807.2
2024-12-29 08:00:00,28.024,28.173,27.748,27.977,6137.04
2024-12-29 09:00:00,27.977,28.036,27.646,27.772,6624.49
2024-12-29 10:00:00,27.772,27.798,27.409,27.638,5731.87
2024-12-29 11:00:00,27.638,27.924,27.427,27.76,13105.02
2024-12-29 12:00:00,27.76,28.173,27.754,28.173,9210.19
2024-12-29 13:00:00,28.173,28.173,27.719,27.935,10119.51
2024-12-29 14:00:00,27.935,27.991,27.136,27.592,10940.16
2024-12-29 15:00:00,27.592,27.785,27.257,27.38,6499.85
2024-12-29 16:00:00,27.38,27.503,26.847,27.042,16422.99
2024-12-29 17:00:00,27.042,27.17,26.636,26.857,8737.75
2024-12-29 18:00:00,26.857,27.484,26.684,27.108,7613.54
2024-12-29 19:00:00,27.108,27.225,26.97,27.149,3519.58
2024-12-29 20:00:00,27.149,27.149,26.668,26.889,2792.93
2024-12-29 21:00:00,26.889,27.366,26.803,27.182,9710.37
2024-12-29 22:00:00,27.182,27.704,26.79,27.463,15116.72
2024-12-29 23:00:00,27.463,27.784,27.229,27.519,8230.92
2024-12-30 00:00:00,27.519,27.569,27.231,27.45,4872.35
2024-12-30 01:00:00,27.45,28.168,27.412,28.12,12983.25
2024-12-30 02:00:00,28.12,28.358,27.648,28.035,11374.56
2024-12-30 03:00:00,28.035,28.042,27.422,27.648,17967.88
2024-12-30 04:00:00,27.648,28.067,27.399,27.436,20294.05
2024-12-30 05:00:00,27.436,27.465,27.118,27.458,6138.75
2024-12-30 06:00:00,27.458,28.042,27.337,28.026,4962.35
2024-12-30 07:00:00,28.026,28.099,27.501,27.958,4289.78
2024-12-30 08:00:00,27.958,28.448,27.871,28.204,29259.55
2024-12-30 09:00:00,28.204,29.448,27.676,27.886,56898.94
2024-12-30 10:00:00,27.886,28.373,27.737,28.133,13109.47
2024-12-30 11:00:00,28.133,28.608,27.977,28.059,34695.23
2024-12-30 12:00:00,28.059,28.454,27.937,28.259,18257.14
2024-12-30 13:00:00,28.259,28.359,27.276,27.591,33472.77
2024-12-30 14:00:00,27.591,27.714,26.976,26.976,17314.29
2024-12-30 15:00:00,26.976,27.333,26.748,27.2,18721.62
2024-12-30 16:00:00,27.2,27.225,26.538,26.603,17879.75
2024-12-30 17:00:00,26.603,27.655,26.556,27.245,29255.4
2024-12-30 18:00:00,27.245,27.546,26.802,27.389,25249.88
2024-12-30 19:00:00,27.389,27.566,26.998,27.063,7633.8
2024-12-30 20:00:00,27.063,27.546,26.695,27.263,24292.16
2024-12-30 21:00:00,27.263,27.656,26.678,26.771,15708.1
2024-12-30 22:00:00,26.771,27.334,26.706,27.248,15133.94
2024-12-30 23:00:00,27.248,27.258,26.9,27.049,10051.89
2024-12-31 00:00:00,27.049,27.173,26.515,26.544,6424.36
2024-12-31 01:00:00,26.544,27.131,26.151,26.618,17035.49
2024-12-31 02:00:00,26.618,26.821,26.26,26.466,7207.5
2024-12-31 03:00:00,26.466,26.642,26.253,26.357,3984.53
2024-12-31 04:00:00,26.357,26.61,26.079,26.09,9548.48
2024-12-31 05:00:00,26.09,26.388,25.964,25.99,13278.47
2024-12-31 06:00:00,25.99,26.385,25.884,25.901,7482.91
2024-12-31 07:00:00,25.901,26.108,25.375,25.967,28462.22
2024-12-31 08:00:00,25.967,26.529,25.775,25.981,21401.61
2024-12-31 09:00:00,25.981,26.232,25.975,26.161,5720.84
2024-12-31 10:00:00,26.161,26.327,25.605,26.097,13229.3
2024-12-31 11:00:00,26.097,26.94,26.094,26.418,19055.2
2024-12-31 12:00:00,26.418,26.75,26.269,26.271,20617.3
2024-12-31 13:00:00,26.271,27.101,26.0,26.658,26500.29
2024-12-31 14:00:00,26.658,26.948,26.498,26.734,16177.65
2024-12-31 15:00:00,26.734,26.741,26.134,26.135,10664.98
2024-12-31 16:00:00,26.135,26.363,25.919,25.997,10453.3
2024-12-31 17:00:00,25.997,26.01,25.0,25.574,68262.89
2024-12-31 18:00:00,25.574,25.98,25.36,25.657,11268.94
2024-12-31 19:00:00,25.657,25.658,25.055,25.166,7457.14
2024-12-31 20:00:00,25.166,25.209,24.121,24.526,42718.59
2024-12-31 21:00:00,24.526,24.7,24.091,24.435,19462.59
2024-12-31 22:00:00,24.435,24.485,23.309,23.5,42950.61
2024-12-31 23:00:00,23.5,24.194,23.146,24.024,49545.77
2025-01-01 00:00:00,24.024,24.625,23.935,24.33,23885.68
2025-01-01 01:00:00,24.33,24.366,23.696,24.009,17719.05
2025-01-01 02:00:00,24.009,24.356,23.874,24.198,13620.23
2025-01-01 03:00:00,24.198,24.619,24.196,24.443,11347.23
2025-01-01 04:00:00,24.443,24.938,24.384,24.829,12017.04
2025-01-01 05:00:00,24.829,24.89,23.915,23.992,13314.1
2025-01-01 06:00:00,23.992,24.304,23.583,24.304,16615.38
2025-01-01 07:00:00,24.304,24.816,23.714,23.792,18908.08
2025-01-01 08:00:00,23.792,23.94,23.454,23.593,25635.84
2025-01-01 09:00:00,23.593,24.044,23.52,24.044,7734.34
2025-01-01 10:00:00,24.044,24.474,23.854,24.205,12338.99
2025-01-01 11:00:00,24.205,24.81,24.026,24.653,11590.46
2025-01-01 12:00:00,24.653,24.852,24.365,24.777,13732.35
2025-01-01 13:00:00,24.777,24.797,24.03,24.379,11171.12
2025-01-01 14:00:00,24.379,24.892,24.371,24.605,13537.26
2025-01-01 15:00:00,24.605,25.008,24.389,24.9,11084.66
2025-01-01 16:00:00,24.9,24.96,24.335,24.499,6187.42
2025-01-01 17:00:00,24.499,24.638,24.107,24.362,9628.19
2025-01-01 18:00:00,24.362,24.88,24.237,24.694,12772.64
2025-01-01 19:00:00,24.694,25.723,24.63,25.688,28421.42
2025-01-01 20:00:00,25.688,26.343,25.612,26.323,27283.46
2025-01-01 21:00:00,26.323,26.501,25.412,25.998,18366.63
2025-01-01 22:00:00,25.998,26.103,25.319,25.963,12151.89
2025-01-01 23:00:00,25.963,26.469,25.829,26.343,20076.49
2025-01-02 00:00:00,26.343,26.666,25.942,26.482,18432.21
2025-01-02 01:00:00,26.482,26.814,26.39,26.698,7246.44
2025-01-02 02:00:00,26.698,26.772,26.0,26.267,10790.94
2025-01-02 03:00:00,26.267,26.387,25.624,25.721,9515.21
2025-01-02 04:00:00,25.721,26.5,25.647,26.102,12323.66
2025-01-02 05:00:00,26.102,26.31,25.905,26.173,4188.86
2025-01-02 06:00:00,26.173,26.204,25.626,25.85,8729.49
2025-01-02 07:00:00,25.85,26.142,25.703,25.914,5795.81
2025-01-02 08:00:00,25.914,26.587,25.734,26.58,17924.03
2025-01-02 09:00:00,26.58,26.587,25.935,26.133,14023.66
2025-01-02 10:00:00,26.133,26.133,25.658,25.786,7458.11
2025-01-02 11:00:00,25.786,25.799,25.375,25.481,12571.43
2025-01-02 12:00:00,25.481,25.765,25.0,25.003,24253.18
2025-01-02 13:00:00,25.003,25.491,24.713,25.136,20381.24
2025-01-02 14:00:00,25.136,25.247,24.635,25.213,23127.16
2025-01-02 15:00:00,25.213,25.277,24.002,24.187,22642.17
2025-01-02 16:00:00,24.187,24.453,23.728,23.815,31785.35
2025-01-02 17:00:00,23.815,24.696,23.63,23.937,37093.87
2025-01-02 18:00:00,23.937,24.072,23.4,23.533,29064.03
2025-01-02 19:00:00,23.533,24.007,23.222,23.333,19900.42
2025-01-02 20:00:00,23.333,23.907,22.542,22.703,47277.23
2025-01-02 21:00:00,22.703,23.387,22.668,23.296,48463.83
2025-01-02 22:00:00,23.296,23.591,22.858,23.579,24227.95
2025-01-02 23:00:00,23.579,23.58,22.999,23.172,27910.38
2025-01-03 00:00:00,23.172,23.29,22.855,23.12,22619.36
2025-01-03 01:00:00,23.12,23.987,23.1,23.821,37518.83
2025-01-03 02:00:00,23.821,23.884,23.48,23.717,9651.23
2025-01-03 03:00:00,23.717,24.084,23.554,23.859,24725.04
2025-01-03 04:00:00,23.859,23.952,23.104,23.197,24887.74
2025-01-03 05:00:00,23.197,23.82,23.08,23.39,24855.76
2025-01-03 06:00:00,23.39,23.463,22.701,23.076,26797.73
2025-01-03 07:00:00,23.076,23.246,22.033,22.158,52115.51
2025-01-03 08:00:00,22.158,22.635,21.426,22.442,136216.16
2025-01-03 09:00:00,22.442,23.398,22.293,23.339,65760.57
2025-01-03 10:00:00,23.339,23.441,22.832,23.161,49088.21
2025-01-03 11:00:00,23.161,23.765,23.154,23.547,39971.29
2025-01-03 12:00:00,23.547,24.417,23.333,24.346,33623.63
2025-01-03 13:00:00,24.346,24.687,23.527,23.578,58094.49
2025-01-03 14:00:00,23.578,24.356,23.507,24.313,31584.43
2025-01-03 15:00:00,24.313,24.535,23.864,24.138,28790.23
2025-01-03 16:00:00,24.138,24.608,24.011,24.479,29205.42
2025-01-03 17:00:00,24.479,24.818,24.036,24.18,48304.04
2025-01-03 18:00:00,24.18,24.271,23.574,23.621,37463.86
2025-01-03 19:00:00,23.621,23.957,23.561,23.951,18138.14
2025-01-03 20:00:00,23.951,23.979,23.192,23.674,30089.54
2025-01-03 21:00:00,23.674,23.807,23.261,23.289,23292.64
2025-01-03 22:00:00,23.289,23.738,23.072,23.607,23876.83
2025-01-03 23:00:00,23.607,24.564,23.607,24.482,29670.03
2025-01-04 00:00:00,24.482,24.704,23.805,23.932,28724.0
2025-01-04 01:00:00,23.932,24.084,23.711,23.926,18920.01
2025-01-04 02:00:00,23.926,24.385,23.852,24.3,11014.74
2025-01-04 03:00:00,24.3,24.3,23.875,23.995,7847.02
2025-01-04 04:00:00,23.995,23.995,23.538,23.716,25050.62
2025-01-04 05:00:00,23.716,23.781,23.453,23.453,8978.77
2025-01-04 06:00:00,23.453,23.521,23.311,23.357,18057.92
2025-01-04 07:00:00,23.357,23.712,23.357,23.505,27736.49
2025-01-04 08:00:00,23.505,23.568,23.279,23.279,28188.8
2025-01-04 09:00:00,23.279,23.498,23.223,23.456,18601.89
2025-01-04 10:00:00,23.456,23.692,23.2,23.679,27672.9
2025-01-04 11:00:00,23.679,24.093,23.616,23.95,29471.04
2025-01-04 12:00:00,23.95,24.218,23.926,24.203,17521.71
2025-01-04 13:00:00,24.203,24.347,23.992,24.263,23726.12
2025-01-04 14:00:00,24.263,24.467,24.097,24.304,23182.22
2025-01-04 15:00:00,24.304,24.32,23.436,23.5,46664.07
2025-01-04 16:00:00,23.5,23.729,23.25,23.325,24129.24
2025-01-04 17:00:00,23.325,23.639,23.325,23.509,9493.61
2025-01-04 18:00:00,23.509,23.998,23.466,23.921,20363.34
2025-01-04 19:00:00,23.921,24.114,23.837,24.101,16395.14
2025-01-04 20:00:00,24.101,24.721,24.0,24.714,28629.47
2025-01-04 21:00:00,24.714,25.5,24.539,24.936,69011.98
2025-01-04 22:00:00,24.936,25.453,24.628,25.411,23939.27
2025-01-04 23:00:00,25.411,25.465,24.807,25.051,14953.64
2025-01-05 00:00:00,25.051,25.503,25.051,25.25,10108.41
2025-01-05 01:00:00,25.25,25.68,25.059,25.535,20221.59
2025-01-05 02:00:00,25.535,25.812,25.195,25.515,30003.41
2025-01-05 03:00:00,25.515,25.707,25.287,25.317,10141.79
2025-01-05 04:00:00,25.317,25.347,24.437,25.245,69124.16
2025-01-05 05:00:00,25.245,25.658,25.016,25.285,17847.13
2025-01-05 06:00:00,25.285,25.497,25.064,25.08,13536.76
2025-01-05 07:00:00,25.08,25.411,24.8,25.301,14087.31
2025-01-05 08:00:00,25.301,25.334,24.75,24.853,16641.65
2025-01-05 09:00:00,24.853,24.957,24.591,24.772,20810.0
2025-01-05 10:00:00,24.772,24.984,24.451,24.742,21092.51
2025-01-05 11:00:00,24.742,25.462,24.624,25.454,23386.36
2025-01-05 12:00:00,25.454,25.454,25.067,25.099,22708.99
2025-01-05 13:00:00,25.099,25.348,25.008,25.133,22494.18
2025-01-05 14:00:00,25.133,25.177,24.641,24.925,17730.96
2025-01-05 15:00:00,24.925,25.22,24.652,25.014,18349.12
2025-01-05 16:00:00,25.014,25.185,24.689,24.761,14139.14
2025-01-05 17:00:00,24.761,24.913,24.723,24.851,4456.44
2025-01-05 18:00:00,24.851,25.021,24.621,24.648,7201.73
2025-01-05 19:00:00,24.648,24.688,24.352,24.483,13370.41
2025-01-05 20:00:00,24.483,24.66,24.433,24.556,4942.05
2025-01-05 21:00:00,24.556,24.605,24.161,24.487,9500.87
2025-01-05 22:00:00,24.487,24.51,24.143,24.505,6485.89
2025-01-05 23:00:00,24.505,24.774,24.313,24.441,15735.8
2025-01-06 00:00:00,24.441,24.777,24.026,24.097,18873.25
2025-01-06 01:00:00,24.097,24.323,24.033,24.131,11759.84
2025-01-06 02:00:00,24.131,24.94,24.114,24.349,17310.98
2025-01-06 03:00:00,24.349,24.953,24.284,24.79,16084.52
2025-01-06 04:00:00,24.79,24.953,24.548,24.8,8118.69
2025-01-06 05:00:00,24.8,25.137,24.744,25.133,16683.06
2025-01-06 06:00:00,25.133,25.15,24.831,25.052,24925.5
2025-01-06 07:00:00,25.052,25.072,24.575,24.803,13014.0
2025-01-06 08:00:00,24.803,24.881,24.247,24.421,13482.81
2025-01-06 09:00:00,24.421,24.722,24.335,24.631,6186.57
2025-01-06 10:00:00,24.631,24.731,24.237,24.432,11973.48
2025-01-06 11:00:00,24.432,24.85,24.345,24.767,17337.04
2025-01-06 12:00:00,24.767,25.606,24.767,25.36,46659.76
2025-01-06 13:00:00,25.36,25.501,24.787,25.351,50330.9
2025-01-06 14:00:00,25.351,25.651,24.82,25.591,37770.98
2025-01-06 15:00:00,25.591,26.039,25.415,26.0,38779.5
2025-01-06 16:00:00,26.0,26.271,24.787,25.87,72246.64
2025-01-06 17:00:00,25.87,26.125,25.45,25.727,24171.47
2025-01-06 18:00:00,25.727,26.125,25.486,26.121,17151.62
2025-01-06 19:00:00,26.121,26.244,25.726,26.132,14771.75
2025-01-06 20:00:00,26.132,26.214,25.575,25.58,11295.61
2025-01-06 21:00:00,25.58,25.846,25.5,25.532,14419.64
2025-01-06 22:00:00,25.532,25.561,25.061,25.487,20247.95
2025-01-06 23:00:00,25.487,25.502,25.208,25.208,10549.78
2025-01-07 00:00:00,25.208,25.568,25.149,25.354,10414.24
2025-01-07 01:00:00,25.354,25.658,25.186,25.652,15201.65
2025-01-07 02:00:00,25.652,25.999,25.618,25.887,18944.93
2025-01-07 03:00:00,25.887,26.05,25.493,25.694,14517.05
2025-01-07 04:00:00,25.694,25.739,25.354,25.363,9283.1
2025-01-07 05:00:00,25.363,25.648,25.327,25.516,10537.47
2025-01-07 06:00:00,25.516,26.053,25.503,25.992,29241.07
2025-01-07 07:00:00,25.992,26.323,25.983,26.039,22939.78
2025-01-07 08:00:00,26.039,26.164,25.87,25.962,14176.9
2025-01-07 09:00:00,25.962,26.04,25.789,25.882,25044.5
2025-01-07 10:00:00,25.882,25.882,25.627,25.772,15797.26
2025-01-07 11:00:00,25.772,25.898,25.062,25.301,28125.52
2025-01-07 12:00:00,25.301,25.713,25.15,25.184,18719.6
2025-01-07 13:00:00,25.184,25.498,25.184,25.488,12072.81
2025-01-07 14:00:00,25.488,25.567,24.8,25.024,29431.28
2025-01-07 15:00:00,25.024,25.47,23.711,24.314,127051.94
2025-01-07 16:00:00,24.314,24.785,24.071,24.619,29412.76
2025-01-07 17:00:00,24.619,24.642,23.8,24.024,43683.61
2025-01-07 18:00:00,24.024,24.286,23.396,23.792,30858.0
2025-01-07 19:00:00,23.792,23.882,22.75,23.0,47749.67
2025-01-07 20:00:00,23.0,23.742,22.824,23.588,25613.62
2025-01-07 21:00:00,23.588,23.947,23.566,23.579,21703.73
2025-01-07 22:00:00,23.579,24.284,23.561,23.928,20473.78
2025-01-07 23:00:00,23.928,23.982,23.415,23.534,18928.26
2025-01-08 00:00:00,23.534,23.85,23.303,23.604,19702.78
2025-01-08 01:00:00,23.604,23.817,22.726,22.993,29221.63
2025-01-08 02:00:00,22.993,23.263,22.43,22.57,22980.49
2025-01-08 03:00:00,22.57,22.57,21.532,21.808,72367.41
2025-01-08 04:00:00,21.808,22.52,21.308,21.316,32488.78
2025-01-08 05:00:00,21.316,21.868,21.0,21.162,25191.83
2025-01-08 06:00:00,21.162,21.489,20.508,21.132,79674.84
2025-01-08 07:00:00,21.132,22.116,21.098,22.056,41865.73
2025-01-08 08:00:00,22.056,22.171,21.757,21.796,24149.25
2025-01-08 09:00:00,21.796,21.953,21.093,21.38,42942.3
2025-01-08 10:00:00,21.38,21.997,21.267,21.997,27348.13
2025-01-08 11:00:00,21.997,22.335,21.311,21.424,36179.31
2025-01-08 12:00:00,21.424,21.506,20.627,20.627,37392.07
2025-01-08 13:00:00,20.627,21.7,20.627,21.343,58045.85
2025-01-08 14:00:00,21.343,21.896,21.213,21.669,57274.34
2025-01-08 15:00:00,21.669,22.16,20.812,21.22,57443.9
2025-01-08 16:00:00,21.22,21.569,20.788,20.848,34444.9
2025-01-08 17:00:00,20.848,21.965,20.137,21.954,89679.98
2025-01-08 18:00:00,21.954,23.292,21.882,22.548,104785.87
2025-01-08 19:00:00,22.548,23.292,22.206,23.029,40318.34
2025-01-08 20:00:00,23.029,24.008,22.998,23.624,61271.99
2025-01-08 21:00:00,23.624,23.624,22.782,22.888,49516.48
2025-01-08 22:00:00,22.888,23.307,22.476,23.23,29146.12
2025-01-08 23:00:00,23.23,23.23,22.552,22.569,23981.55
2025-01-09 00:00:00,22.569,23.334,22.2,23.271,21020.2
2025-01-09 01:00:00,23.271,23.434,22.837,23.166,13632.85
2025-01-09 02:00:00,23.166,23.956,21.961,23.792,61338.17
2025-01-09 03:00:00,23.792,23.792,22.083,22.227,30733.49
2025-01-09 04:00:00,22.227,22.575,21.319,21.579,47509.62
2025-01-09 05:00:00,21.579,21.935,20.9,21.284,39386.47
2025-01-09 06:00:00,21.284,21.406,21.014,21.225,27568.05
2025-01-09 07:00:00,21.225,21.968,20.3,20.47,48675.17
2025-01-09 08:00:00,20.47,21.218,20.374,21.015,33019.23
2025-01-09 09:00:00,21.015,21.336,20.745,21.038,16806.83
2025-01-09 10:00:00,21.038,21.11,20.442,20.728,20255.21
2025-01-09 11:00:00,20.728,21.242,20.348,20.675,18756.37
2025-01-09 12:00:00,20.675,20.774,20.334,20.493,24442.17
2025-01-09 13:00:00,20.493,20.621,19.063,19.211,137688.09
2025-01-09 14:00:00,19.211,20.299,19.057,19.474,90474.08
2025-01-09 15:00:00,19.474,21.122,19.472,20.568,91648.16
2025-01-09 16:00:00,20.568,21.05,19.875,20.202,69525.12
2025-01-09 17:00:00,20.202,21.375,19.8,20.218,56669.61
2025-01-09 18:00:00,20.218,20.48,19.601,19.983,28988.15
2025-01-09 19:00:00,19.983,20.103,18.303,19.119,75888.35
2025-01-09 20:00:00,19.119,19.851,18.822,19.798,62368.82
2025-01-09 21:00:00,19.798,20.331,19.537,20.016,32239.24
2025-01-09 22:00:00,20.016,20.414,19.532,20.103,37695.66
2025-01-09 23:00:00,20.103,20.48,19.969,20.256,17093.89
2025-01-10 00:00:00,20.256,21.053,20.171,20.589,34898.36
2025-01-10 01:00:00,20.589,21.132,20.157,20.904,24574.14
2025-01-10 02:00:00,20.904,21.867,20.72,21.759,56495.13
2025-01-10 03:00:00,21.759,22.079,21.113,21.18,33676.94
2025-01-10 04:00:00,21.18,21.606,20.968,21.196,17337.29
2025-01-10 05:00:00,21.196,21.8,20.758,21.473,24894.42
2025-01-10 06:00:00,21.473,21.936,21.29,21.936,30728.1
2025-01-10 07:00:00,21.936,22.233,21.713,21.853,33801.21
2025-01-10 08:00:00,21.853,22.086,21.29,21.548,55351.82
2025-01-10 09:00:00,21.548,21.937,21.239,21.704,31416.35
2025-01-10 10:00:00,21.704,22.04,21.699,22.006,17437.74
2025-01-10 11:00:00,22.006,22.02,21.345,21.735,45061.43
2025-01-10 12:00:00,21.735,21.896,21.081,21.238,44193.78
2025-01-10 13:00:00,21.238,21.383,19.976,20.524,93681.07
2025-01-10 14:00:00,20.524,21.302,20.306,20.693,103715.77
2025-01-10 15:00:00,20.693,20.956,20.014,20.607,68587.91
2025-01-10 16:00:00,20.607,20.791,20.019,20.023,62094.26
2025-01-10 17:00:00,20.023,21.222,19.78,21.217,64234.27
2025-01-10 18:00:00,21.217,21.5,20.736,20.895,33279.24
2025-01-10 19:00:00,20.895,21.161,20.42,21.021,23391.81
2025-01-10 20:00:00,21.021,21.186,20.563,21.015,14255.08
2025-01-10 21:00:00,21.015,21.423,20.97,21.092,11205.93
2025-01-10 22:00:00,21.092,21.545,20.98,21.315,10280.86
2025-01-10 23:00:00,21.315,21.317,20.65,20.655,10967.35
2025-01-11 00:00:00,20.655,20.821,20.493,20.79,4639.42
2025-01-11 01:00:00,20.79,20.849,20.38,20.588,8086.5
2025-01-11 02:00:00,20.588,20.591,20.205,20.321,8484.9
2025-01-11 03:00:00,20.321,20.467,20.137,20.344,10219.54
2025-01-11 04:00:00,20.344,20.472,19.717,20.085,21973.4
2025-01-11 05:00:00,20.085,20.193,19.651,20.088,17811.46
2025-01-11 06:00:00,20.088,20.35,19.976,20.151,11592.51
2025-01-11 07:00:00,20.151,20.301,19.9,20.105,16258.82
2025-01-11 08:00:00,20.105,20.187,19.723,19.757,19289.45
2025-01-11 09:00:00,19.757,19.975,19.6,19.952,23148.95
2025-01-11 10:00:00,19.952,20.231,19.93,20.159,16281.33
2025-01-11 11:00:00,20.159,20.561,19.97,20.305,22064.06
2025-01-11 12:00:00,20.305,20.665,20.063,20.454,17434.51
2025-01-11 13:00:00,20.454,20.494,20.223,20.345,7657.75
2025-01-11 14:00:00,20.345,20.46,20.132,20.43,17999.59
2025-01-11 15:00:00,20.43,20.581,20.08,20.126,12625.29
2025-01-11 16:00:00,20.126,20.424,20.0,20.337,12771.13
2025-01-11 17:00:00,20.337,20.338,20.022,20.051,10177.7
2025-01-11 18:00:00,20.051,20.414,19.875,20.321,22168.49
2025-01-11 19:00:00,20.321,20.328,19.965,20.18,8312.62
2025-01-11 20:00:00,20.18,21.189,20.097,20.855,19424.84
2025-01-11 21:00:00,20.855,21.253,20.762,20.919,24317.49
2025-01-11 22:00:00,20.919,21.313,20.677,20.693,14664.23
2025-01-11 23:00:00,20.693,20.969,20.568,20.882,8813.6
2025-01-12 00:00:00,20.882,21.02,20.477,20.631,10425.97
2025-01-12 01:00:00,20.631,20.729,20.407,20.553,5718.79
2025-01-12 02:00:00,20.553,20.599,20.354,20.426,4447.83
2025-01-12 03:00:00,20.426,20.579,20.314,20.401,3631.43
2025-01-12 04:00:00,20.401,20.639,20.37,20.486,4296.74
2025-01-12 05:00:00,20.486,20.6,20.115,20.246,14608.38
2025-01-12 06:00:00,20.246,20.453,20.246,20.333,5647.81
2025-01-12 07:00:00,20.333,20.354,20.0,20.311,9713.39
2025-01-12 08:00:00,20.311,20.808,20.286,20.728,13121.18
2025-01-12 09:00:00,20.728,21.098,20.61,20.835,28902.32
2025-01-12 10:00:00,20.835,21.295,20.8,21.09,21492.55
2025-01-12 11:00:00,21.09,21.48,20.935,21.395,19953.11
2025-01-12 12:00:00,21.395,21.491,21.11,21.231,21651.95
2025-01-12 13:00:00,21.231,21.812,21.007,21.756,44031.15
2025-01-12 14:00:00,21.756,21.935,21.435,21.475,39019.95
2025-01-12 15:00:00,21.475,21.907,21.406,21.777,14070.54
2025-01-12 16:00:00,21.777,21.997,21.525,21.616,14837.33
2025-01-12 17:00:00,21.616,21.674,21.33,21.48,11722.92
2025-01-12 18:00:00,21.48,21.78,21.286,21.304,12975.77
2025-01-12 19:00:00,21.304,21.791,21.286,21.528,7797.04
2025-01-12 20:00:00,21.528,21.699,21.347,21.4,3862.66
2025-01-12 21:00:00,21.4,21.419,21.01,21.098,13340.86
2025-01-12 22:00:00,21.098,21.12,20.767,21.005,24439.26
2025-01-12 23:00:00,21.005,21.334,20.987,21.15,13183.16
2025-01-13 00:00:00,21.15,22.712,21.044,22.623,62528.62
2025-01-13 01:00:00,22.623,23.282,22.187,22.548,86455.84
2025-01-13 02:00:00,22.548,22.549,18.744,21.762,181368.11
2025-01-13 03:00:00,21.762,21.83,20.891,21.222,46632.53
2025-01-13 04:00:00,21.222,21.545,20.975,21.074,29758.83
2025-01-13 05:00:00,21.074,21.09,20.308,20.559,57224.17
2025-01-13 06:00:00,20.559,20.732,19.959,20.049,35550.44
2025-01-13 07:00:00,20.049,20.454,20.0,20.148,24229.7
2025-01-13 08:00:00,20.148,20.224,19.684,19.877,34094.09
2025-01-13 09:00:00,19.877,19.937,19.266,19.614,65422.22
2025-01-13 10:00:00,19.614,19.984,19.246,19.838,35020.03
2025-01-13 11:00:00,19.838,19.937,18.848,18.908,55061.55
2025-01-13 12:00:00,18.908,19.574,18.842,19.378,68868.57
2025-01-13 13:00:00,19.378,20.011,19.248,19.427,52267.15
2025-01-13 14:00:00,19.427,20.528,18.937,20.244,108779.97
2025-01-13 15:00:00,20.244,20.743,20.021,20.366,58623.29
2025-01-13 16:00:00,20.366,20.677,19.999,20.068,36962.21
2025-01-13 17:00:00,20.068,20.658,19.966,20.262,27140.03
2025-01-13 18:00:00,20.262,20.467,19.849,20.251,34188.93
2025-01-13 19:00:00,20.251,20.759,20.2,20.612,30680.16
2025-01-13 20:00:00,20.612,21.368,20.464,21.206,42052.49
2025-01-13 21:00:00,21.206,21.7,21.014,21.576,53874.56
2025-01-13 22:00:00,21.576,21.932,21.4,21.556,31844.39
2025-01-13 23:00:00,21.556,21.741,21.305,21.627,18018.64
2025-01-14 00:00:00,21.627,21.731,21.25,21.371,32998.47
2025-01-14 01:00:00,21.371,21.877,21.356,21.509,15087.81
2025-01-14 02:00:00,21.509,21.779,21.314,21.577,19458.91
2025-01-14 03:00:00,21.577,21.825,21.481,21.812,12319.65
2025-01-14 04:00:00,21.812,22.659,21.795,22.597,30083.56
2025-01-14 05:00:00,22.597,22.891,21.853,21.878,46569.68
2025-01-14 06:00:00,21.878,22.256,21.555,21.806,24937.26
2025-01-14 07:00:00,21.806,21.999,21.52,21.787,13772.12
2025-01-14 08:00:00,21.787,22.295,21.657,22.191,18550.28
2025-01-14 09:00:00,22.191,23.275,22.148,23.0,61344.6
2025-01-14 10:00:00,23.0,23.005,22.259,22.759,33181.2
2025-01-14 11:00:00,22.759,22.806,22.35,22.736,22477.52
2025-01-14 12:00:00,22.736,22.882,22.056,22.201,29710.5
2025-01-14 13:00:00,22.201,23.361,21.97,22.904,68538.18
2025-01-14 14:00:00,22.904,23.566,22.774,22.941,58318.29
2025-01-14 15:00:00,22.941,23.269,22.81,23.206,20007.96
2025-01-14 16:00:00,23.206,23.256,22.412,22.784,18481.9
2025-01-14 17:00:00,22.784,23.103,22.55,22.743,11356.64
2025-01-14 18:00:00,22.743,22.835,22.438,22.646,11125.66
2025-01-14 19:00:00,22.646,22.804,22.412,22.434,8585.78
2025-01-14 20:00:00,22.434,22.617,22.34,22.495,6113.82
2025-01-14 21:00:00,22.495,22.999,22.495,22.995,11126.1
2025-01-14 22:00:00,22.995,23.038,22.697,23.034,11469.42
2025-01-14 23:00:00,23.034,23.042,22.751,22.998,16946.17
2025-01-15 00:00:00,22.998,23.082,22.733,22.928,20182.2
2025-01-15 01:00:00,22.928,23.109,22.872,23.093,11151.96
2025-01-15 02:00:00,23.093,23.11,22.404,22.539,41406.49
2025-01-15 03:00:00,22.539,22.771,22.48,22.751,12096.06
2025-01-15 04:00:00,22.751,22.885,22.724,22.77,9475.71
2025-01-15 05:00:00,22.77,22.804,22.493,22.684,17028.19
2025-01-15 06:00:00,22.684,22.727,22.527,22.587,11945.93
2025-01-15 07:00:00,22.587,22.872,22.566,22.781,21384.1
2025-01-15 08:00:00,22.781,22.846,22.412,22.465,12928.66
2025-01-15 09:00:00,22.465,22.525,22.156,22.185,26027.69
2025-01-15 10:00:00,22.185,22.46,22.082,22.292,19862.4
2025-01-15 11:00:00,22.292,22.581,22.128,22.46,9596.21
2025-01-15 12:00:00,22.46,22.719,22.33,22.7,11353.25
2025-01-15 13:00:00,22.7,24.066,22.586,24.004,95114.15
2025-01-15 14:00:00,24.004,24.488,23.617,23.92,50921.76
2025-01-15 15:00:00,23.92,24.047,23.601,23.786,20490.57
2025-01-15 16:00:00,23.786,23.858,23.397,23.559,25553.1
2025-01-15 17:00:00,23.559,23.975,23.462,23.551,21771.79
2025-01-15 18:00:00,23.551,23.985,23.551,23.956,21703.34
2025-01-15 19:00:00,23.956,23.978,23.755,23.916,12054.7
2025-01-15 20:00:00,23.916,23.963,23.586,23.764,18447.77
2025-01-15 21:00:00,23.764,23.944,23.662,23.928,16519.82
2025-01-15 22:00:00,23.928,24.06,23.686,23.999,13200.54
2025-01-15 23:00:00,23.999,24.456,23.882,24.394,15218.49
2025-01-16 00:00:00,24.394,24.437,23.628,23.905,25246.28
2025-01-16 01:00:00,23.905,24.386,23.866,24.199,9543.7
2025-01-16 02:00:00,24.199,24.312,23.824,23.871,5045.81
2025-01-16 03:00:00,23.871,23.905,23.53,23.734,12532.65
2025-01-16 04:00:00,23.734,24.0,23.614,23.759,6740.41
2025-01-16 05:00:00,23.759,24.0,23.57,23.968,9338.79
2025-01-16 06:00:00,23.968,24.127,23.925,24.031,10051.72
2025-01-16 07:00:00,24.031,24.082,23.839,24.048,9488.76
2025-01-16 08:00:00,24.048,24.087,23.458,23.606,17361.67
2025-01-16 09:00:00,23.606,23.739,23.354,23.739,11786.2
2025-01-16 10:00:00,23.739,23.988,23.654,23.779,13316.64
2025-01-16 11:00:00,23.779,23.942,23.505,23.923,14270.85
2025-01-16 12:00:00,23.923,24.434,23.879,24.15,30027.56
2025-01-16 13:00:00,24.15,24.205,23.41,23.464,16736.28
2025-01-16 14:00:00,23.464,23.766,23.1,23.297,49958.95
2025-01-16 15:00:00,23.297,23.622,23.199,23.569,16276.05
2025-01-16 16:00:00,23.569,23.996,23.561,23.949,18909.0
2025-01-16 17:00:00,23.949,24.096,23.747,23.9,12080.54
2025-01-16 18:00:00,23.9,23.933,23.537,23.615,7403.39
2025-01-16 19:00:00,23.615,23.777,23.48,23.771,6899.74
2025-01-16 20:00:00,23.771,23.877,23.615,23.765,8955.51
2025-01-16 21:00:00,23.765,23.778,23.417,23.564,7300.78
2025-01-16 22:00:00,23.564,23.708,23.176,23.176,10220.56
2025-01-16 23:00:00,23.176,23.605,23.156,23.514,5123.19
2025-01-17 00:00:00,23.514,23.851,23.505,23.547,9840.83
2025-01-17 01:00:00,23.547,23.917,23.375,23.69,16977.0
2025-01-17 02:00:00,23.69,23.908,23.275,23.574,13136.95
2025-01-17 03:00:00,23.574,23.663,23.191,23.193,21541.19
2025-01-17 04:00:00,23.193,23.444,23.192,23.403,6731.85
2025-01-17 05:00:00,23.403,23.485,23.307,23.432,6987.51
2025-01-17 06:00:00,23.432,23.62,23.201,23.604,7391.95
2025-01-17 07:00:00,23.604,23.835,23.565,23.604,8355.47
2025-01-17 08:00:00,23.604,24.001,23.604,23.966,11224.85
2025-01-17 09:00:00,23.966,24.035,23.877,24.002,6588.32
2025-01-17 10:00:00,24.002,24.171,23.91,24.015,17621.19
2025-01-17 11:00:00,24.015,24.042,23.744,23.971,10979.93
2025-01-17 12:00:00,23.971,24.072,23.891,23.955,19419.65
2025-01-17 13:00:00,23.955,24.068,23.464,23.477,18043.06
2025-01-17 14:00:00,23.477,23.609,22.347,23.187,76486.43
2025-01-17 15:00:00,23.187,23.514,23.086,23.146,35495.72
2025-01-17 16:00:00,23.146,23.442,22.897,23.003,30195.59
2025-01-17 17:00:00,23.003,23.227,22.953,23.1,13806.09
2025-01-17 18:00:00,23.1,23.462,23.036,23.123,13717.18
2025-01-17 19:00:00,23.123,23.403,23.121,23.257,8547.06
2025-01-17 20:00:00,23.257,23.624,23.053,23.497,12576.78
2025-01-17 21:00:00,23.497,23.708,23.143,23.184,12008.29
2025-01-17 22:00:00,23.184,23.484,23.167,23.395,15635.69
2025-01-17 23:00:00,23.395,23.399,23.001,23.128,10727.88
2025-01-18 00:00:00,23.128,23.147,22.952,22.99,14036.41
2025-01-18 01:00:00,22.99,23.062,22.953,23.033,3893.16
2025-01-18 02:00:00,23.033,23.073,22.58,22.865,17095.7
2025-01-18 03:00:00,22.865,22.884,21.782,22.12,65921.92
2025-01-18 04:00:00,22.12,22.455,21.944,22.189,29347.2
2025-01-18 05:00:00,22.189,22.231,21.129,21.711,78651.17
2025-01-18 06:00:00,21.711,22.949,21.612,22.636,36125.04
2025-01-18 07:00:00,22.636,22.637,21.705,21.753,27483.79
2025-01-18 08:00:00,21.753,22.315,21.5,21.889,19875.53
2025-01-18 09:00:00,21.889,21.963,21.424,21.433,15502.65
2025-01-18 10:00:00,21.433,21.517,20.552,20.998,54031.97
2025-01-18 11:00:00,20.998,20.998,20.21,20.749,48678.53
2025-01-18 12:00:00,20.749,21.195,20.485,20.514,26905.24
2025-01-18 13:00:00,20.514,20.926,19.99,20.622,46775.5
2025-01-18 14:00:00,20.622,20.662,20.196,20.196,20671.33
2025-01-18 15:00:00,20.196,20.617,20.114,20.16,19987.83
2025-01-18 16:00:00,20.16,20.321,19.37,19.408,62151.19
2025-01-18 17:00:00,19.408,20.353,19.3,20.232,41787.26
2025-01-18 18:00:00,20.232,20.596,20.1,20.175,19456.18
2025-01-18 19:00:00,20.175,20.93,20.132,20.301,21311.16
2025-01-18 20:00:00,20.301,21.077,20.185,20.838,17099.02
2025-01-18 21:00:00,20.838,20.895,20.494,20.62,9714.4
2025-01-18 22:00:00,20.62,21.433,20.5,20.957,31466.7
2025-01-18 23:00:00,20.957,22.048,20.957,21.958,22744.27
2025-01-19 00:00:00,21.958,22.2,21.23,21.629,30427.29
2025-01-19 01:00:00,21.629,22.132,21.58,21.915,17338.65
2025-01-19 02:00:00,21.915,22.125,21.22,21.221,14450.61
2025-01-19 03:00:00,21.221,21.498,20.947,20.947,13157.7
2025-01-19 04:00:00,20.947,20.988,20.324,20.679,30352.35
2025-01-19 05:00:00,20.679,21.237,20.47,20.848,17042.68
2025-01-19 06:00:00,20.848,20.971,20.191,20.225,12416.64
2025-01-19 07:00:00,20.225,20.75,19.795,20.64,34861.99
2025-01-19 08:00:00,20.64,20.675,19.838,19.978,33821.09
2025-01-19 09:00:00,19.978,20.07,19.39,19.799,56289.5
2025-01-19 10:00:00,19.799,21.854,19.77,20.981,61295.01
2025-01-19 11:00:00,20.981,22.483,20.981,22.342,86197.09
2025-01-19 12:00:00,22.342,23.556,21.826,22.941,60675.92
2025-01-19 13:00:00,22.941,23.05,22.029,22.793,44018.45
2025-01-19 14:00:00,22.793,23.1,21.99,22.167,30952.77
2025-01-19 15:00:00,22.167,22.242,21.51,22.059,25748.7
2025-01-19 16:00:00,22.059,22.717,22.059,22.516,8718.43
2025-01-19 17:00:00,22.516,23.632,22.251,23.627,26864.28
2025-01-19 18:00:00,23.627,23.757,22.939,23.375,24905.21
2025-01-19 19:00:00,23.375,23.443,22.816,23.073,17593.46
2025-01-19 20:00:00,23.073,23.757,22.604,22.706,18945.97
2025-01-19 21:00:00,22.706,22.728,20.201,20.744,79922.75
2025-01-19 22:00:00,20.744,21.842,19.723,20.584,115179.51
2025-01-19 23:00:00,20.584,20.711,19.277,20.447,82333.59
2025-01-20 00:00:00,20.447,20.605,19.324,19.5,72762.29
2025-01-20 01:00:00,19.5,20.368,19.425,20.32,31843.26
2025-01-20 02:00:00,20.32,21.469,19.612,19.969,68521.44
2025-01-20 03:00:00,19.969,20.669,19.576,20.057,44300.36
2025-01-20 04:00:00,20.057,21.168,19.838,20.598,18651.68
2025-01-20 05:00:00,20.598,21.246,20.385,20.385,27215.17
2025-01-20 06:00:00,20.385,21.649,20.045,21.44,37841.06
2025-01-20 07:00:00,21.44,21.935,21.223,21.933,23132.11
2025-01-20 08:00:00,21.933,22.871,21.933,22.536,24977.93
2025-01-20 09:00:00,22.536,22.542,21.403,21.785,25876.33
2025-01-20 10:00:00,21.785,22.253,21.587,21.868,15979.36
2025-01-20 11:00:00,21.868,22.313,21.714,22.2,10581.76
2025-01-20 12:00:00,22.2,22.477,21.279,21.314,29645.61
2025-01-20 13:00:00,21.314,21.35,20.65,21.346,30586.31
2025-01-20 14:00:00,21.346,21.369,20.55,21.0,15914.24
2025-01-20 15:00:00,21.0,21.52,20.746,20.903,13332.98
2025-01-20 16:00:00,20.903,21.2,20.314,21.12,26446.95
2025-01-20 17:00:00,21.12,21.197,19.949,20.996,63161.03
2025-01-20 18:00:00,20.996,21.528,20.851,21.237,19411.59
2025-01-20 19:00:00,21.237,21.331,20.918,21.063,3683.66
2025-01-20 20:00:00,21.063,21.063,20.424,20.484,8409.92
2025-01-20 21:00:00,20.484,20.818,20.221,20.221,10910.82
2025-01-20 22:00:00,20.221,20.775,20.027,20.632,17280.03
2025-01-20 23:00:00,20.632,20.796,20.305,20.55,12267.32
2025-01-21 00:00:00,20.55,20.605,20.054,20.054,6906.6
2025-01-21 01:00:00,20.054,20.9,20.054,20.641,13649.14
2025-01-21 02:00:00,20.641,21.039,20.57,20.846,12156.9
2025-01-21 03:00:00,20.846,21.41,20.749,21.284,23657.77
2025-01-21 04:00:00,21.284,21.284,20.639,20.934,13502.89
2025-01-21 05:00:00,20.934,21.364,20.681,20.783,9210.34
2025-01-21 06:00:00,20.783,21.84,20.573,21.84,26328.16
2025-01-21 07:00:00,21.84,21.919,21.392,21.649,35311.85
2025-01-21 08:00:00,21.649,22.026,21.445,21.928,21997.2
2025-01-21 09:00:00,21.928,22.37,21.815,22.328,20012.52
2025-01-21 10:00:00,22.328,23.146,22.328,22.956,30562.57
2025-01-21 11:00:00,22.956,23.137,22.523,22.861,15249.51
2025-01-21 12:00:00,22.861,22.975,22.5,22.903,10499.89
2025-01-21 13:00:00,22.903,22.925,22.089,22.536,26057.39
2025-01-21 14:00:00,22.536,24.158,22.523,23.761,73119.1
2025-01-21 15:00:00,23.761,24.204,23.049,23.651,101619.83
2025-01-21 16:00:00,23.651,24.373,23.491,23.603,41645.09
2025-01-21 17:00:00,23.603,24.072,23.377,23.856,22053.81
2025-01-21 18:00:00,23.856,25.128,23.72,24.532,46885.09
2025-01-21 19:00:00,24.532,24.748,23.444,24.074,56656.08
2025-01-21 20:00:00,24.074,24.365,23.503,23.816,24942.42
2025-01-21 21:00:00,23.816,24.1,22.977,24.047,41469.36
2025-01-21 22:00:00,24.047,24.257,23.514,23.514,12548.56
2025-01-21 23:00:00,23.514,23.877,22.861,23.221,38376.49
2025-01-22 00:00:00,23.221,24.224,23.0,23.995,17820.52
2025-01-22 01:00:00,23.995,24.278,23.668,23.794,15604.43
2025-01-22 02:00:00,23.794,24.214,23.484,23.489,14786.39
2025-01-22 03:00:00,23.489,25.176,23.484,25.117,30617.9
2025-01-22 04:00:00,25.117,26.099,25.117,25.974,49630.32
2025-01-22 05:00:00,25.974,26.279,25.543,25.62,28329.68
2025-01-22 06:00:00,25.62,25.66,25.105,25.621,19598.04
2025-01-22 07:00:00,25.621,26.757,25.589,26.757,23839.36
2025-01-22 08:00:00,26.757,27.044,26.054,26.842,50352.9
2025-01-22 09:00:00,26.842,26.849,25.88,26.255,26864.03
2025-01-22 10:00:00,26.255,26.293,25.751,26.132,35978.03
2025-01-22 11:00:00,26.132,26.172,25.578,25.79,17652.38
2025-01-22 12:00:00,25.79,26.177,25.67,26.05,15040.48
2025-01-22 13:00:00,26.05,26.05,25.432,25.909,35257.29
2025-01-22 14:00:00,25.909,26.205,25.215,25.44,28190.79
2025-01-22 15:00:00,25.44,25.792,25.171,25.704,19540.12
2025-01-22 16:00:00,25.704,26.242,25.627,25.813,14445.05
2025-01-22 17:00:00,25.813,26.52,25.654,26.12,13950.72
2025-01-22 18:00:00,26.12,26.301,25.424,25.514,15577.69
2025-01-22 19:00:00,25.514,26.095,25.479,25.658,11281.68
2025-01-22 20:00:00,25.658,26.03,25.519,25.893,11674.95
2025-01-22 21:00:00,25.893,25.893,25.032,25.032,18524.0
2025-01-22 22:00:00,25.032,25.191,24.565,24.591,21834.14
2025-01-22 23:00:00,24.591,24.911,24.217,24.343,21946.53
2025-01-23 00:00:00,24.343,24.707,24.12,24.15,13557.71
2025-01-23 01:00:00,24.15,24.36,22.934,23.008,60095.16
2025-01-23 02:00:00,23.008,23.463,22.112,23.382,71724.51
2025-01-23 03:00:00,23.382,23.412,22.512,22.889,24833.07
2025-01-23 04:00:00,22.889,23.197,22.187,22.649,29987.71
2025-01-23 05:00:00,22.649,23.171,22.649,22.996,15261.02
2025-01-23 06:00:00,22.996,23.4,22.829,22.84,11519.53
2025-01-23 07:00:00,22.84,23.756,22.582,23.684,42974.95
2025-01-23 08:00:00,23.684,23.698,23.004,23.039,13204.51
2025-01-23 09:00:00,23.039,23.275,22.543,22.627,25372.52
2025-01-23 10:00:00,22.627,22.971,22.305,22.737,20373.13
2025-01-23 11:00:00,22.737,23.428,22.476,23.32,15010.28
2025-01-23 12:00:00,23.32,23.604,22.938,23.604,23912.71
2025-01-23 13:00:00,23.604,23.668,22.545,22.853,22335.55
2025-01-23 14:00:00,22.853,24.363,22.469,23.971,49503.63
2025-01-23 15:00:00,23.971,24.021,22.804,23.509,65167.47
2025-01-23 16:00:00,23.509,24.447,23.505,23.525,36775.54
2025-01-23 17:00:00,23.525,24.274,23.123,23.787,19014.53
2025-01-23 18:00:00,23.787,24.041,23.489,23.72,9729.0
2025-01-23 19:00:00,23.72,23.76,22.688,22.841,17883.49
2025-01-23 20:00:00,22.841,25.283,22.753,23.038,127308.21
2025-01-23 21:00:00,23.038,23.227,21.6,21.711,64871.61
2025-01-23 22:00:00,21.711,22.401,21.668,22.234,25330.02
2025-01-23 23:00:00,22.234,22.511,21.832,21.958,25276.42
2025-01-24 00:00:00,21.958,22.229,21.171,21.291,27974.45
2025-01-24 01:00:00,21.291,21.754,21.263,21.603,17241.13
2025-01-24 02:00:00,21.603,21.994,21.326,21.553,11182.09
2025-01-24 03:00:00,21.553,22.244,21.534,21.91,14733.73
2025-01-24 04:00:00,21.91,22.684,21.737,22.613,14257.29
2025-01-24 05:00:00,22.613,23.297,22.245,23.212,15717.38
2025-01-24 06:00:00,23.212,23.57,22.71,23.384,15502.17
2025-01-24 07:00:00,23.384,23.948,22.794,23.211,26975.92
2025-01-24 08:00:00,23.211,23.791,23.085,23.462,24635.02
2025-01-24 09:00:00,23.462,23.714,23.27,23.374,17431.17
2025-01-24 10:00:00,23.374,23.733,23.014,23.712,15264.04
2025-01-24 11:00:00,23.712,23.971,23.692,23.965,8660.38
2025-01-24 12:00:00,23.965,24.742,23.866,24.323,19521.35
2025-01-24 13:00:00,24.323,24.495,23.955,24.38,15845.75
2025-01-24 14:00:00,24.38,24.799,24.231,24.231,30354.59
2025-01-24 15:00:00,24.231,24.416,23.5,23.96,36628.85
2025-01-24 16:00:00,23.96,24.527,23.781,23.97,14454.2
2025-01-24 17:00:00,23.97,24.21,23.72,24.007,13112.97
2025-01-24 18:00:00,24.007,24.58,23.732,24.558,17867.7
2025-01-24 19:00:00,24.558,24.987,24.352,24.637,33676.68
2025-01-24 20:00:00,24.637,24.944,23.384,23.568,60492.57
2025-01-24 21:00:00,23.568,23.742,23.097,23.211,11446.7
2025-01-24 22:00:00,23.211,23.424,22.732,22.756,9901.83
2025-01-24 23:00:00,22.756,23.124,22.643,23.094,13692.81
2025-01-25 00:00:00,23.094,23.15,22.178,22.178,20972.55
2025-01-25 01:00:00,22.178,22.8,22.12,22.325,10501.05
2025-01-25 02:00:00,22.325,22.758,22.113,22.113,11665.21
2025-01-25 03:00:00,22.113,23.013,22.076,23.011,9147.86
2025-01-25 04:00:00,23.011,23.011,22.238,22.261,11413.6
2025-01-25 05:00:00,22.261,22.443,22.127,22.161,8430.83
2025-01-25 06:00:00,22.161,22.266,21.812,22.01,11697.43
2025-01-25 07:00:00,22.01,22.263,21.787,22.101,11517.71
2025-01-25 08:00:00,22.101,22.604,22.0,22.563,8356.45
2025-01-25 09:00:00,22.563,22.563,21.891,21.949,11209.29
2025-01-25 10:00:00,21.949,22.216,21.818,22.054,10904.04
2025-01-25 11:00:00,22.054,22.907,21.925,22.712,17768.72
2025-01-25 12:00:00,22.712,22.902,22.44,22.844,16055.77
2025-01-25 13:00:00,22.844,22.963,22.4,22.549,8659.92
2025-01-25 14:00:00,22.549,22.651,22.357,22.625,6338.68
2025-01-25 15:00:00,22.625,23.463,22.416,23.27,18468.17
2025-01-25 16:00:00,23.27,23.4,23.053,23.131,7388.25
2025-01-25 17:00:00,23.131,23.35,22.95,23.35,4474.9
2025-01-25 18:00:00,23.35,23.57,23.24,23.57,14310.07
2025-01-25 19:00:00,23.57,23.674,23.303,23.347,5453.77
2025-01-25 20:00:00,23.347,23.738,23.312,23.598,5962.62
2025-01-25 21:00:00,23.598,23.815,23.305,23.664,3992.16
2025-01-25 22:00:00,23.664,23.917,23.116,23.226,9004.63
2025-01-25 23:00:00,23.226,23.327,22.797,23.158,13978.45
2025-01-26 00:00:00,23.158,23.375,23.016,23.326,4218.72
2025-01-26 01:00:00,23.326,23.975,23.289,23.615,12352.01
2025-01-26 02:00:00,23.615,24.051,23.123,24.051,15804.95
2025-01-26 03:00:00,24.051,24.772,24.014,24.183,26506.37
2025-01-26 04:00:00,24.183,24.808,24.002,24.779,13442.39
2025-01-26 05:00:00,24.779,24.873,24.361,24.395,20801.28
2025-01-26 06:00:00,24.395,24.6,24.03,24.507,15677.98
2025-01-26 07:00:00,24.507,24.577,23.643,23.936,19683.08
2025-01-26 08:00:00,23.936,24.0,23.547,23.66,10759.49
2025-01-26 09:00:00,23.66,23.7,23.436,23.513,6622.88
2025-01-26 10:00:00,23.513,23.513,22.771,23.364,21201.89
2025-01-26 11:00:00,23.364,23.856,23.34,23.79,24497.66
2025-01-26 12:00:00,23.79,23.86,23.332,23.419,7026.46
2025-01-26 13:00:00,23.419,23.873,23.291,23.628,10810.13
2025-01-26 14:00:00,23.628,23.628,23.043,23.327,20765.6
2025-01-26 15:00:00,23.327,23.698,23.267,23.534,8163.62
2025-01-26 16:00:00,23.534,24.093,23.485,24.078,10095.34
2025-01-26 17:00:00,24.078,24.2,23.814,24.022,19288.05
2025-01-26 18:00:00,24.022,24.026,23.41,23.473,13840.69
2025-01-26 19:00:00,23.473,23.738,23.473,23.658,2264.24
2025-01-26 20:00:00,23.658,23.72,23.325,23.325,4365.89
2025-01-26 21:00:00,23.325,23.631,22.948,23.059,17309.71
2025-01-26 22:00:00,23.059,23.363,22.654,22.8,19215.36
2025-01-26 23:00:00,22.8,22.85,22.178,22.193,46523.33
2025-01-27 00:00:00,22.193,22.642,21.521,21.521,72247.62
2025-01-27 01:00:00,21.521,21.903,21.178,21.206,57747.26
2025-01-27 02:00:00,21.206,21.707,20.74,20.782,39585.37
2025-01-27 03:00:00,20.782,21.37,20.746,21.068,32319.72
2025-01-27 04:00:00,21.068,21.068,20.345,20.485,38542.9
2025-01-27 05:00:00,20.485,20.846,20.21,20.774,31170.25
2025-01-27 06:00:00,20.774,21.206,20.215,20.247,52248.56
2025-01-27 07:00:00,20.247,21.111,20.221,20.852,34834.09
2025-01-27 08:00:00,20.852,21.056,20.484,20.636,20826.24
2025-01-27 09:00:00,20.636,21.309,20.508,21.246,27948.81
2025-01-27 10:00:00,21.246,21.246,20.615,20.653,18103.95
2025-01-27 11:00:00,20.653,21.609,20.64,21.21,34482.14
2025-01-27 12:00:00,21.21,21.944,21.071,21.944,28785.14
2025-01-27 13:00:00,21.944,22.0,21.013,21.024,34316.15
2025-01-27 14:00:00,21.024,21.892,20.758,21.771,41205.64
2025-01-27 15:00:00,21.771,21.902,21.356,21.56,29049.95
2025-01-27 16:00:00,21.56,21.933,21.088,21.294,27695.54
2025-01-27 17:00:00,21.294,21.577,20.933,20.968,24994.07
2025-01-27 18:00:00,20.968,21.36,20.846,20.896,12576.46
2025-01-27 19:00:00,20.896,21.538,20.86,21.291,15290.23
2025-01-27 20:00:00,21.291,22.896,21.291,22.649,43178.97
2025-01-27 21:00:00,22.649,23.117,22.305,22.443,30486.22
2025-01-27 22:00:00,22.443,23.067,22.343,23.007,12750.72
2025-01-27 23:00:00,23.007,23.616,23.007,23.322,36298.65
2025-01-28 00:00:00,23.322,23.75,23.102,23.167,15596.93
2025-01-28 01:00:00,23.167,23.35,22.784,23.049,17428.28
2025-01-28 02:00:00,23.049,23.325,22.811,23.315,9412.28
2025-01-28 03:00:00,23.315,23.687,22.974,23.394,16568.41
2025-01-28 04:00:00,23.394,23.846,23.203,23.651,15353.0
2025-01-28 05:00:00,23.651,24.216,23.45,24.201,36586.06
2025-01-28 06:00:00,24.201,24.236,23.351,23.941,23176.33
2025-01-28 07:00:00,23.941,24.487,23.75,24.169,34970.69
2025-01-28 08:00:00,24.169,24.538,23.667,24.331,96150.18
2025-01-28 09:00:00,24.331,24.45,24.0,24.253,21147.95
2025-01-28 10:00:00,24.253,24.277,23.65,23.81,37008.37
2025-01-28 11:00:00,23.81,24.11,23.477,23.877,22770.77
2025-01-28 12:00:00,23.877,23.895,23.347,23.629,16592.16
2025-01-28 13:00:00,23.629,23.715,23.161,23.443,18001.77
2025-01-28 14:00:00,23.443,23.443,22.308,22.77,67491.86
2025-01-28 15:00:00,22.77,23.978,22.731,23.472,61694.16
2025-01-28 16:00:00,23.472,23.617,23.025,23.368,18516.51
2025-01-28 17:00:00,23.368,23.523,23.053,23.404,9026.14
2025-01-28 18:00:00,23.404,23.453,22.77,22.77,11604.16
2025-01-28 19:00:00,22.77,23.168,22.705,22.957,8976.9
2025-01-28 20:00:00,22.957,23.011,22.1,22.1,15652.17
2025-01-28 21:00:00,22.1,22.5,21.637,21.659,27205.72
2025-01-28 22:00:00,21.659,22.21,21.555,22.105,28671.35
2025-01-28 23:00:00,22.105,22.326,21.829,22.277,6677.9
2025-01-29 00:00:00,22.277,22.47,21.938,22.447,14558.73
2025-01-29 01:00:00,22.447,22.684,22.32,22.339,11768.65
2025-01-29 02:00:00,22.339,22.631,22.242,22.391,7382.92
2025-01-29 03:00:00,22.391,22.801,22.359,22.474,9091.73
2025-01-29 04:00:00,22.474,22.871,22.385,22.683,5158.09
2025-01-29 05:00:00,22.683,23.023,22.625,23.004,9131.66
2025-01-29 06:00:00,23.004,23.25,22.895,23.12,12128.99
2025-01-29 07:00:00,23.12,23.621,23.01,23.61,7207.91
2025-01-29 08:00:00,23.61,23.621,22.974,23.151,15891.26
2025-01-29 09:00:00,23.151,23.3,22.72,23.098,9246.16
2025-01-29 10:00:00,23.098,23.451,23.025,23.323,10299.32
2025-01-29 11:00:00,23.323,23.407,22.975,22.975,3883.54
2025-01-29 12:00:00,22.975,23.178,22.593,22.628,16931.1
2025-01-29 13:00:00,22.628,22.781,22.434,22.598,17187.74
2025-01-29 14:00:00,22.598,22.921,22.544,22.747,9722.49
2025-01-29 15:00:00,22.747,23.356,22.73,22.916,20899.24
2025-01-29 16:00:00,22.916,22.987,22.497,22.667,9297.27
2025-01-29 17:00:00,22.667,23.221,22.595,23.025,12143.36
2025-01-29 18:00:00,23.025,23.24,22.908,23.026,9532.58
2025-01-29 19:00:00,23.026,23.634,21.976,23.354,68122.75
